,2015-Blockzilla,Website,rank
298,3,google.com,1
506,1,tmall.com,3
446,29,qq.com,4
178,1,baidu.com,5
481,10,sohu.com,6
253,1,facebook.com,7
497,3,taobao.com,8
2,3,360.cn,10
553,1,yahoo.com,12
127,2,weibo.com,13
540,1,wikipedia.org,14
404,1,netflix.com,16
546,0,xinhuanet.com,17
448,2,reddit.com,19
47,2,instagram.com,20
145,2,alipay.com,21
549,1,zhanqi.tv,23
69,9,panda.tv,25
223,5,csdn.net,26
184,4,bing.com,27
115,4,vk.com,28
194,6,canva.com,29
111,7,twitter.com,31
11,7,bongacams.com,33
515,8,twitch.tv,34
92,4,stackoverflow.com,35
562,2,zoom.us,36
421,5,office.com,37
144,2,aliexpress.com,39
489,1,tianya.cn,40
12,2,chaturbate.com,43
157,3,amazon.co.jp,44
400,5,naver.com,45
332,1,huanqiu.com,46
125,4,17ok.com,48
531,6,whatsapp.com,49
150,3,adobe.com,50
368,5,linkedin.com,51
476,1,so.com,52
554,3,yandex.ru,53
471,4,shopify.com,54
171,7,aparat.com,55
128,5,wordpress.com,57
500,3,tradingview.com,58
64,2,ok.ru,59
255,3,etsy.com,60
55,0,mail.ru,61
393,9,msn.com,62
338,1,imdb.com,63
108,7,tribunnews.com,66
557,2,xhamster.com,68
337,8,indeed.com,69
432,3,paypal.com,71
443,4,rakuten.co.jp,72
545,1,xvideos.com,75
138,3,6.cn,76
529,8,walmart.com,77
155,3,amazon.de,78
189,19,booking.com,79
50,1,haosou.com,80
281,1,gome.com.cn,81
297,3,google.com.br,82
39,1,github.com,84
169,78,babytree.com,85
511,1,udemy.com,86
97,1,telegram.org,87
370,1,livejasmin.com,89
197,11,chase.com,90
438,18,pikiran-rakyat.com,91
205,2,cnblogs.com,92
148,1,alibaba.com,94
456,9,roblox.com,95
290,3,google.co.jp,96
266,27,flipkart.com,98
317,10,hao123.com,99
98,1,t.me,100
271,1,freepik.com,102
450,4,rednet.cn,103
129,0,163.com,105
343,14,instructure.com,106
320,3,hotstar.com,107
175,4,bestbuy.com,108
311,3,google.de,109
182,1,bilibili.com,110
230,2,digikala.com,111
440,7,pinterest.com,112
176,13,bbc.com,113
305,3,google.es,114
269,26,godaddy.com,116
313,3,google.fr,117
251,12,ettoday.net,118
314,3,google.ru,119
463,3,salesforce.com,120
151,3,amazon.co.uk,121
18,2,coinmarketcap.com,122
423,10,nytimes.com,123
514,10,tumblr.com,124
309,20,grammarly.com,126
96,6,soundcloud.com,127
564,7,zillow.com,128
560,3,zoho.com,129
95,4,stackexchange.com,130
366,0,kompas.com,134
410,9,nih.gov,135
304,3,google.it,136
210,2,cnzz.com,137
135,3,51.la,138
94,3,slack.com,139
439,9,pixnet.net,140
179,33,bbc.co.uk,141
296,2,google.com.tw,142
224,36,detik.com,143
352,1,jiameng.com,144
156,3,amazon.ca,145
478,3,speedtest.net,146
492,1,target.com,147
153,6,aliyun.com,148
330,1,hulu.com,149
294,3,google.com.sg,150
436,11,pexels.com,151
220,17,daum.net,152
259,6,fiverr.com,153
532,4,wetransfer.com,155
14,0,archive.org,156
310,1,gosuslugi.ru,159
543,14,wix.com,160
550,4,zendesk.com,161
419,1,onlinesbi.com,163
342,9,indiatimes.com,164
60,1,mercari.com,165
68,1,pixabay.com,166
457,1,researchgate.net,167
247,2,envato.com,168
542,3,xnxx.com,169
252,1,farfetch.com,171
28,1,duckduckgo.com,172
499,11,trendyol.com,173
63,8,okezone.com,175
502,2,tudou.com,176
382,3,mediafire.com,177
163,1,americanexpress.com,178
466,1,sindonews.com,180
505,3,tistory.com,181
109,1,unsplash.com,182
162,3,amazon.it,184
86,1,smallpdf.com,185
21,9,deepl.com,186
322,1,homedepot.com,187
473,1,sogou.com,188
74,3,quizlet.com,189
336,5,intuit.com,190
468,6,slideshare.net,194
279,50,geeksforgeeks.org,195
167,7,avito.ru,197
461,11,scribd.com,198
200,7,chess.com,199
315,3,hdfcbank.com,200
556,3,youm7.com,201
288,3,google.co.uk,203
567,3,macys.com,204
52,1,mailchimp.com,206
323,6,healthline.com,207
333,1,ikea.com,208
263,28,forbes.com,209
124,1,360.com,212
114,12,vimeo.com,213
165,17,ask.com,214
300,3,google.com.tr,215
217,1,dailymotion.com,216
192,4,capitalone.com,217
426,10,okta.com,219
131,18,51yes.com,220
89,1,steamcommunity.com,221
526,3,wellsfargo.com,222
170,1,asos.com,223
534,11,washingtonpost.com,224
498,19,telewebion.com,225
17,2,cnnic.cn,226
0,6,aliexpress.ru,227
552,8,yelp.com,228
563,3,zol.com.cn,229
372,6,lazada.sg,230
190,0,businessinsider.com,232
212,17,cricbuzz.com,234
79,29,samsung.com,235
88,1,soso.com,236
375,5,ltn.com.tw,237
431,3,ozon.ru,238
198,4,chegg.com,239
270,4,globo.com,241
349,19,investopedia.com,242
91,2,spankbang.com,243
258,26,etoro.com,244
143,10,airbnb.com,246
289,3,google.ca,247
243,6,ebay.de,248
208,1,costco.com,249
191,2,bluehost.com,250
216,1,crypto.com,251
380,1,manoramaonline.com,252
82,1,shaparak.ir,254
324,1,hepsiburada.com,255
362,1,kakao.com,256
487,4,taboola.com,257
278,6,foxnews.com,258
180,5,blackboard.com,259
445,29,rakuten.com,260
71,1,padlet.com,261
346,16,investing.com,262
530,1,wikimedia.org,263
472,3,shutterstock.com,264
389,3,mercadolibre.com.mx,265
293,1,google.com.sa,266
496,7,thepiratebay.org,267
391,1,metropoles.com,268
301,3,google.com.mx,270
452,6,realtor.com,271
513,1,ups.com,272
347,1,irctc.co.in,273
292,3,google.com.eg,274
118,11,themeforest.net,275
488,4,suara.com,276
412,10,nike.com,277
226,6,dell.com,279
142,2,albawabhnews.com,280
407,1,namasha.com,283
367,3,liansuo.com,285
329,5,icicibank.com,286
422,2,op.gg,287
299,3,google.com.ar,288
444,34,proiezionidiborsa.it,289
522,8,usps.com,290
234,3,donya-e-eqtesad.com,291
475,2,sonhoo.com,292
319,3,gusuwang.com,294
239,9,ebay.co.uk,296
122,4,wordpress.org,297
53,1,namnak.com,298
284,3,google.co.th,299
19,1,discord.com,300
267,4,fedex.com,301
215,1,coupang.com,303
477,1,sq.cn,304
331,5,hp.com,305
161,23,aol.com,306
312,3,google.pl,307
363,13,kohls.com,308
25,5,evernote.com,313
261,2,focus.cn,314
507,1,tripadvisor.com,316
173,3,bankofamerica.com,317
84,3,rt.com,318
414,3,nfl.com,320
104,1,t.co,321
447,7,redfin.com,322
283,3,google.co.id,324
242,5,eatthis.com,325
486,6,ssense.com,327
561,2,zerodha.com,328
159,2,amazon.es,330
429,6,patreon.com,331
462,8,setn.com,333
275,3,formula1.com,334
44,6,heavy.com,335
119,1,web.de,337
392,3,myntra.com,338
38,6,fc2.com,339
402,8,ndtv.com,340
85,12,rutracker.org,341
328,3,ibicn.com,343
206,25,cnbc.com,344
58,2,medium.com,345
249,13,espncricinfo.com,346
126,1,1337x.to,347
387,4,mercadolibre.com.ar,348
193,13,cbssports.com,349
344,3,istockphoto.com,350
274,1,gmx.net,351
214,26,crunchyroll.com,352
558,4,sporx.com,353
185,0,bloomberg.com,355
286,11,goodreads.com,357
409,6,nicovideo.jp,358
555,8,yoox.com,359
168,9,att.com,360
22,26,crowdworks.jp,361
518,2,uol.com.br,362
257,13,expedia.com,367
334,14,in.gr,368
187,10,breitbart.com,369
533,2,weather.com,370
15,4,ca.gov,371
537,5,xfinity.com,372
455,10,reuters.com,373
341,0,inquirer.net,375
199,8,clickbank.com,377
374,13,lowes.com,378
76,6,ria.ru,379
395,6,mytheresa.com,380
354,1,iyiou.com,381
285,1,google.cn,382
81,1,shein.com,383
495,13,thesaurus.com,384
248,1,ensonhaber.com,385
544,19,wsj.com,386
460,4,sciencedirect.com,390
254,1,fardanews.com,391
383,5,mercadolivre.com.br,392
501,4,tokopedia.com,394
377,0,marca.com,395
27,1,divar.ir,396
390,14,mathrubhumi.com,397
528,16,weebly.com,399
350,4,iqiyi.com,400
225,7,deviantart.com,402
262,9,fool.com,403
302,3,google.com.ua,405
425,3,orange.fr,406
508,1,trustpilot.com,407
316,1,haiwainet.cn,408
181,6,biobiochile.cl,409
48,9,hootsuite.com,410
110,5,verizon.com,412
548,1,zara.com,413
480,11,squarespace.com,414
36,10,filimo.com,415
408,9,noon.com,417
527,1,w3school.com.cn,418
29,1,epicgames.com,420
340,6,indiamart.com,421
9,2,chaduo.com,422
6,1,ameblo.jp,424
282,3,google.co.kr,425
116,1,torob.com,426
236,6,dmm.co.jp,427
355,1,japanpost.jp,428
433,1,pcbaby.com.cn,429
441,1,protonmail.com,430
453,22,rottentomatoes.com,431
264,1,fidelity.com,432
559,3,zhihu.com,433
276,6,gismeteo.ru,435
222,4,dcard.tw,437
566,4,free.fr,438
231,8,douban.com,440
386,2,meituan.com,441
394,3,mit.edu,442
420,3,ouedkniss.com,444
504,1,tinder.com,445
260,1,flickr.com,446
379,6,lyst.com,447
521,10,vvvdj.com,448
418,12,outbrain.com,449
246,11,endclothing.com,450
345,1,iqbroker.com,451
211,6,coursehero.com,452
467,2,shippingchina.com,454
451,0,rambler.ru,455
100,10,teachable.com,456
474,11,softonic.com,457
339,2,iliangcang.com,459
130,13,abs-cbn.com,460
158,1,amazon.com.au,462
458,5,seznam.cz,464
20,17,codepen.io,467
277,9,freelancer.com,468
442,1,qoo10.sg,470
401,3,naukri.com,471
46,1,ih5.cn,472
90,15,squareup.com,473
244,17,ea.com,474
465,1,runoob.com,475
26,1,discordapp.com,476
93,1,shopee.vn,477
41,2,go.com,478
273,1,glassdoor.com,479
132,8,academia.edu,480
351,2,iweihai.cn,481
154,3,alodokter.com,482
241,4,ebay-kleinanzeigen.de,483
221,14,cvs.com,484
437,0,people.com.cn,485
325,2,gsmarena.com,486
378,5,matchesfashion.com,487
213,1,coinbase.com,490
523,7,usnews.com,491
186,4,bhphotovideo.com,493
538,7,wp.pl,494
373,26,livescore.com,495
360,12,lazada.co.th,496
427,1,oschina.net,497
551,15,youporn.com,498
510,2,tutorialspoint.com,499
381,4,makemytrip.com,500
308,3,google.ro,501
307,3,google.gr,502
73,1,razorpay.com,503
449,2,redbubble.com,504
415,20,newegg.com,505
43,2,home77.com,506
134,3,addthis.com,507
121,1,258.com,508
83,1,shareasale.com,509
67,14,nypost.com,510
207,10,cnbeta.com,511
405,5,namecheap.com,512
535,12,webmd.com,513
547,3,yeniakit.com.tr,514
376,14,liputan6.com,517
3,10,allegro.pl,518
539,40,worldometers.info,519
77,2,renren.com,520
209,1,cnnindonesia.com,521
160,3,android.com,522
188,11,bukalapak.com,523
272,4,globalsources.com,524
399,9,moneycontrol.com,526
369,3,livejournal.com,527
40,6,getadblock.com,528
541,1,xabbs.com,530
123,4,360doc.com,531
365,6,kooora.com,532
565,13,zhibo8.cc,534
37,8,genius.com,535
227,3,delta.com,536
287,1,google.az,537
524,8,usatoday.com,539
101,1,stripchat.com,540
137,1,9384.com,541
87,5,sourceforge.net,542
228,1,delgarm.com,543
56,1,messenger.com,545
152,1,amazon.com.br,549
117,8,ubereats.com,550
13,4,babyschool.com.cn,552
32,1,disqus.com,553
469,5,shopbop.com,554
525,14,walgreens.com,555
113,10,upwork.com,556
31,6,elpais.com,557
485,1,t66y.com,558
512,4,ultimate-guitar.com,559
411,1,news18.com,560
416,3,npr.org,561
65,4,nextdoor.com,562
49,9,kakaku.com,563
195,10,cambridge.org,564
348,12,irs.gov,566
303,3,google.com.vn,569
147,7,adp.com,570
105,1,u.gg,573
51,12,huim.com,574
321,12,hostgator.com,575
240,4,ebay.com.au,576
509,7,uptodown.com,577
482,5,tamin.ir,578
295,3,google.com.au,579
454,2,riotgames.com,580
202,2,cj.com,582
103,4,stockx.com,583
357,0,it168.com,584
358,26,jawapos.com,585
8,40,chouftv.ma,587
459,7,schwab.com,588
519,1,vidio.com,589
204,2,cloudflare.com,591
172,5,atlassian.com,592
385,1,mehrnews.com,594
356,3,jotform.com,595
371,1,leboncoin.fr,596
494,3,tejaratnews.com,597
326,16,ign.com,598
417,6,oeeee.com,599
327,7,house365.com,600
361,7,kapanlagi.com,602
75,1,poki.com,603
520,3,visitbeijing.com.cn,604
146,7,agoda.com,605
268,4,flashscore.com,606
250,39,elwatannews.com,607
491,15,ticketmaster.com,609
102,19,techcrunch.com,610
201,14,chron.com,611
229,2,dianping.com,612
57,0,lenta.ru,613
238,2,ebc.net.tw,614
403,78,nba.com,617
435,7,pcmag.com,619
434,1,pchome.com.tw,620
30,13,eksisozluk.com,621
5,10,9gag.com,622
464,19,sarkariresult.com,623
256,18,eventbrite.com,624
353,2,jianshu.com,625
120,13,vnexpress.net,626
233,6,doordash.com,627
62,0,note.com,628
136,3,58.com,630
203,1,clickfunnels.com,631
107,1,uidai.gov.in,633
133,5,52pk.com,635
196,1,canada.ca,636
35,1,freecodecamp.org,637
7,23,bolasport.com,638
24,4,ecer.com,640
166,2,asriran.com,641
388,11,merriam-webster.com,642
70,7,patch.com,645
384,1,medicalnewstoday.com,646
16,3,as.com,648
34,3,freshdesk.com,649
503,2,topfo.com,650
396,3,morningpost.com.cn,651
23,0,elementor.com,653
235,2,docin.com,654
141,20,ahram.org.eg,655
483,9,t-mobile.com,656
232,20,dostor.org,657
106,3,trustwallet.com,658
280,1,gap.com,660
183,4,biblegateway.com,662
364,9,kdslife.com,663
112,1,trello.com,666
291,1,google.co.ve,668
479,6,southcn.com,669
517,0,udn.com,671
428,4,parsfootball.com,673
398,3,mheducation.com,674
1,54,allrecipes.com,677
306,1,google.dz,678
490,14,theepochtimes.com,679
149,1,alimama.com,681
265,3,fontawesome.com,682
245,3,eee114.com,683
66,18,olx.in,684
536,5,wish.com,685
406,13,n11.com,686
10,17,bitly.com,687
335,4,iherb.com,689
33,8,fril.jp,690
72,4,prnt.sc,691
61,5,lenovo.com,694
219,66,dangdang.com,695
397,12,mrporter.com,696
54,9,monday.com,697
4,12,animeflv.net,699
139,6,accuweather.com,701
218,0,dcinside.com,703
59,2,leetcode.com,704
99,0,taleo.net,705
140,1,51sole.com,706
237,6,dstv.com,707
45,1,info.com,708
318,10,hindustantimes.com,709
174,22,bedbathandbeyond.com,710
177,14,bhaskar.com,711
493,1,thingiverse.com,712
470,52,shopstyle.com,713
42,10,ionos.com,716
516,1,turkiye.gov.tr,718
359,4,kickstarter.com,720
78,1,roozaneh.net,721
80,11,seekingalpha.com,722
413,3,nikkei.com,723
424,1,otto.de,724
430,15,overstock.com,725
164,9,asus.com,726
484,7,surveymonkey.com,729
