2017-Blockzilla,Website
9,animeflv.net
2,1337x.to
17,9gag.com
1,17ok.com
0,ahram.org.eg
1,ameblo.jp
38,allrecipes.com
1,360.cn
3,allegro.pl
11,chouftv.ma
1,bitly.com
10,as.com
9,ca.gov
1,chinanetrank.com
14,chaturbate.com
0,archive.org
12,bolasport.com
0,chaduo.com
1,crypto.com
2,codepen.io
1,coinpayu.com
1,depositphotos.com
2,coinmarketcap.com
0,deepl.com
30,crowdworks.jp
1,duckduckgo.com
5,elementor.com
1,divar.ir
4,evernote.com
1,envato.com
13,elpais.com
1,donya-e-eqtesad.com
13,eksisozluk.com
1,disqus.com
1,discordapp.com
1,dnevnik.ru
5,go.com
8,genius.com
7,freshdesk.com
5,fril.jp
1,github.com
1,fontawesome.com
10,ftx.com
4,fc2.com
7,hbomax.com
8,hootsuite.com
4,info.com
4,kumparan.com
20,heavy.com
3,iyiou.com
0,ionos.com
18,kakaku.com
3,mailchimp.com
2,medium.com
6,meesho.com
3,lenta.ru
1,mihoyo.com
1,leetcode.com
4,metamask.io
2,mail.ru
1,noon.com
9,pixabay.com
17,parsfootball.com
0,ok.ru
1,padlet.com
7,nextdoor.com
10,patch.com
1,onlyfans.com
36,nypost.com
1,onlinesbi.com
0,people.com.cn
6,ria.ru
4,protonmail.com
4,quizlet.com
1,pngtree.com
1,qoo10.sg
4,razorpay.com
15,prnt.sc
3,poki.com
3,shopee.co.id
3,shopee.vn
3,shopee.co.th
3,shopee.com.my
118,seekingalpha.com
1,roozaneh.net
1,steamcommunity.com
9,slickdeals.net
5,slack.com
9,squareup.com
7,soundcloud.com
4,stackoverflow.com
39,spankbang.com
4,smallpdf.com
2,stackexchange.com
5,sourceforge.net
1,t.co
7,teachable.com
4,themeforest.net
1,stripchat.com
6,stockx.com
2,taleo.net
1,tejaratnews.com
25,techcrunch.com
1,telegram.org
3,tistory.com
2,unsplash.com
3,u.gg
9,torob.com
4,vimeo.com
1,thepiratebay.org
1,tinder.com
4,vk.com
6,uchi.ru
6,trello.com
1,360doc.com
6,wordpress.org
1,w3school.com.cn
31,163.com
1,360.com
3,wetransfer.com
2,258.com
1,web.de
35,vnexpress.net
8,wordpress.com
2,weather.com
5,52pk.com
25,51yes.com
2,addthis.com
21,accuweather.com
1,58.com
3,6.cn
3,51.la
7,academia.edu
0,9384.com
1,51sole.com
29,airbnb.com
3,adobe.com
7,agoda.com
19,albawabhnews.com
4,aliexpress.com
3,alibaba.com
7,adp.com
1,alipay.com
1,amazon.com.au
2,amazon.co.jp
2,aliyun.com
3,amazon.de
7,amazon.com
2,amazon.com.br
3,amazon.it
3,amazon.es
14,android.com
4,amazon.in
3,amazon.fr
2,americanexpress.com
32,aol.com
5,asriran.com
8,att.com
1,atlassian.com
10,aparat.com
66,babytree.com
6,apple.com
1,asos.com
5,ask.com
10,avito.ru
3,babyschool.com.cn
4,bestbuy.com
8,bbc.co.uk
7,bbc.com
5,bedbathandbeyond.com
1,baidu.com
1,bet365.com
4,bankofamerica.com
2,bet9ja.com
13,bhaskar.com
3,biblegateway.com
5,blackboard.com
24,bloomberg.com
1,bing.com
0,bilibili.com
3,biobiochile.cl
3,bluehost.com
1,bhphotovideo.com
0,businessinsider.com
7,booking.com
1,bukalapak.com
12,breitbart.com
3,capitalone.com
8,cambridge.org
1,cbssports.com
5,canva.com
6,chase.com
1,cj.com
1,clickbank.com
7,chron.com
15,chegg.com
8,chess.com
1,clickfunnels.com
2,cnbc.com
50,cnn.com
11,cnbeta.com
6,cloudflare.com
1,cnet.com
3,cnblogs.com
3,cricbuzz.com
2,costco.com
8,cnnindonesia.com
1,coinbase.com
34,crunchyroll.com
12,coursehero.com
1,coupang.com
7,cvs.com
3,dcard.tw
0,dcinside.com
39,dailymotion.com
4,dangdang.com
6,daum.net
12,discord.com
12,deviantart.com
0,detik.com
1,delgarm.com
2,dianping.com
2,digikala.com
4,delta.com
21,dropbox.com
6,doordash.com
7,dmm.co.jp
8,douban.com
2,docin.com
8,dostor.org
6,dstv.com
3,ebay.com.au
5,ebay.co.uk
8,ebay-kleinanzeigen.de
2,ebc.net.tw
7,ebay.de
6,eatthis.com
2,ebay.com
19,ea.com
9,espn.com
14,elwatannews.com
9,endclothing.com
1,ecer.com
1,eghtesadnews.com
2,ensonhaber.com
19,elbalad.news
3,eee114.com
4,epicgames.com
4,eventbrite.com
5,etsy.com
12,fardanews.com
7,farfetch.com
12,expedia.com
1,facebook.com
13,ettoday.net
9,espncricinfo.com
1,etoro.com
1,fedex.com
3,fiverr.com
5,fool.com
1,flickr.com
9,flipkart.com
21,forbes.com
5,flashscore.com
2,focus.cn
1,formula1.com
1,fidelity.com
6,globo.com
8,foxnews.com
5,freelancer.com
2,gismeteo.ru
7,freepik.com
1,gmx.net
18,geeksforgeeks.org
6,globalsources.com
5,getadblock.com
1,freecodecamp.org
7,gap.com
1,google.co.ve
1,google.az
1,google.co.kr
3,godaddy.com
1,google.co.th
3,google.co.jp
6,goodreads.com
2,google.co.in
1,google.ca
3,google.co.uk
0,gome.com.cn
1,google.cn
1,google.co.id
1,google.com.mx
1,google.com.tr
1,google.com.sg
1,google.com.hk
3,google.com.br
2,google.com.au
1,google.com.ar
3,google.com
3,google.com.eg
1,google.com.sa
1,google.gr
1,google.com.vn
3,grammarly.com
1,google.es
1,google.com.ua
1,google.com.tw
1,google.ru
1,google.ro
3,google.de
1,google.it
1,google.dz
1,google.pl
10,hotstar.com
9,hostgator.com
38,healthline.com
6,hdfcbank.com
8,gsmarena.com
0,haiwainet.cn
1,hepsiburada.com
1,homedepot.com
4,hindustantimes.com
18,hao123.com
2,gusuwang.com
1,huim.com
16,hulu.com
3,icicibank.com
1,ih5.cn
6,idntimes.com
99,hp.com
1,house365.com
4,ibicn.com
22,ign.com
3,iliangcang.com
1,ikea.com
3,imdb.com
4,indeed.com
2,ilovepdf.com
12,inquirer.net
2,instructure.com
5,indiamart.com
5,instagram.com
5,iherb.com
2,in.gr
10,indiatimes.com
4,iqiyi.com
21,investing.com
9,irctc.co.in
2,intuit.com
3,investopedia.com
12,irs.gov
0,it168.com
8,istockphoto.com
1,jotform.com
1,jiameng.com
4,iweihai.cn
1,japanpost.jp
1,jianshu.com
11,jawapos.com
2,jd.com
10,kooora.com
15,lazada.sg
2,kdslife.com
22,ladbible.com
13,kohls.com
1,kuronekoyamato.co.jp
5,kickstarter.com
13,lazada.co.th
9,kapanlagi.com
39,kompas.com
3,liputan6.com
20,ltn.com.tw
1,livescore.com
4,livejournal.com
4,linkedin.com
1,liansuo.com
1,leboncoin.fr
3,macys.com
7,makemytrip.com
8,lyst.com
14,manoramaonline.com
11,matchesfashion.com
11,marca.com
14,merdeka.com
1,mercari.com
2,mercadolivre.com.br
12,meituan.com
1,mathrubhumi.com
2,mercadolibre.com.ar
3,merriam-webster.com
1,mehrnews.com
21,medicalnewstoday.com
1,mercadolibre.com.mx
4,mediafire.com
4,myntra.com
7,mheducation.com
1,morningpost.com.cn
3,messenger.com
1,monday.com
8,metropoles.com
5,moneycontrol.com
1,mit.edu
4,naukri.com
9,ndtv.com
5,naver.com
33,nba.com
6,n11.com
1,namasha.com
7,namecheap.com
0,nike.com
0,news18.com
12,nicovideo.jp
2,npr.org
6,nikkei.com
5,nih.gov
13,newegg.com
4,netflix.com
3,nfl.com
1,ngacn.cc
13,olx.in
14,ouedkniss.com
10,okezone.com
3,op.gg
3,orange.fr
1,otto.de
1,oschina.net
9,okta.com
1,oeeee.com
5,office.com
17,pchome.com.tw
2,overstock.com
7,ozon.ru
1,paypal.com
1,panda.tv
18,outbrain.com
4,patreon.com
5,pcbaby.com.cn
10,pexels.com
11,pixnet.net
13,pcmag.com
11,pikiran-rakyat.com
6,pinterest.com
6,pornhub.com
1,primevideo.com
1,premierleague.com
33,proiezionidiborsa.it
3,qq.com
3,rakuten.co.jp
3,rednet.cn
2,redfin.com
13,rakuten.com
4,redbubble.com
22,realtor.com
18,rambler.ru
2,renren.com
1,researchgate.net
6,roblox.com
16,reuters.com
15,rottentomatoes.com
10,sarkariresult.com
10,scribd.com
1,sciencedirect.com
5,seznam.cz
3,sahibinden.com
6,schwab.com
23,salesforce.com
9,setn.com
2,shippingchina.com
7,slideshare.net
4,shaparak.ir
8,shein.com
7,shutterfly.com
1,shareasale.com
4,sindonews.com
13,shopstyle.com
1,shopbop.com
18,sina.com.cn
1,shopify.com
1,shutterstock.com
10,squarespace.com
1,sogou.com
2,sonhoo.com
10,sohu.com
7,softonic.com
11,sporx.com
1,so.com
4,southcn.com
6,speedtest.net
1,sq.cn
23,sportbible.com
5,suara.com
6,taboola.com
4,tamin.ir
1,t-mobile.com
9,ssense.com
5,surveymonkey.com
24,thesaurus.com
9,target.com
1,tianya.cn
1,thingiverse.com
18,ticketmaster.com
1,telewebion.com
15,theepochtimes.com
1,tudou.com
1,tiktok.com
5,tripadvisor.com
2,trustpilot.com
17,trendyol.com
2,tradingview.com
7,tribunnews.com
11,tokopedia.com
3,topfo.com
10,ups.com
7,ubereats.com
0,uptodown.com
15,uol.com.br
13,upwork.com
31,ultimate-guitar.com
1,turkiye.gov.tr
2,twitch.tv
2,tutorialspoint.com
2,udemy.com
5,tumblr.com
1,visitbeijing.com.cn
19,usnews.com
6,usps.com
1,vidio.com
17,usatoday.com
2,whatsapp.com
15,webmd.com
10,washingtonpost.com
7,w3schools.com
11,weebly.com
1,wikimedia.org
14,walgreens.com
7,wellsfargo.com
7,walmart.com
1,wikipedia.org
2,xnxx.com
6,wsj.com
5,wix.com
7,xfinity.com
0,ximalaya.com
8,wish.com
1,xvideos.com
11,wp.pl
3,xabbs.com
28,worldometers.info
1,zara.com
1,yahoo.com
6,yelp.com
5,youtube.com
3,yy.com
22,youporn.com
7,yoox.com
1,zhiding.cn
5,yandex.ru
8,youm7.com
1,yahoo.co.jp
1,zhanqi.tv
15,zendesk.com
5,yeniakit.com.tr
0,xinhuanet.com
7,zillow.com
11,y2mate.com
7,zoom.us
1,lenovo.com
2,canada.ca
1,xhamsterlive.com
1,verizon.com
7,zol.com.cn
1,zoho.com
19,abs-cbn.com
2,cnnic.cn
3,xhamster.com
44,zhibo8.cc
1,zhihu.com
1,zerodha.com
4,free.fr
