,2017-Blockzilla,Website,rank
298,3,google.com,1
551,5,youtube.com,2
446,3,qq.com,4
170,1,baidu.com,5
482,10,sohu.com,6
253,1,facebook.com,7
359,2,jd.com,9
7,1,360.cn,10
147,7,amazon.com,11
549,1,yahoo.com,12
537,1,wikipedia.org,14
476,18,sina.com.cn,15
416,4,netflix.com,16
562,0,xinhuanet.com,17
341,5,instagram.com,20
142,1,alipay.com,21
294,1,google.com.hk,22
559,1,zhanqi.tv,23
433,1,panda.tv,25
178,1,bing.com,27
111,4,vk.com,28
190,5,canva.com,29
558,1,yahoo.co.jp,32
519,2,twitch.tv,34
90,4,stackoverflow.com,35
565,7,zoom.us,36
428,5,office.com,37
552,3,yy.com,38
139,4,aliexpress.com,39
498,1,tianya.cn,40
152,4,amazon.in,41
237,2,ebay.com,42
14,14,chaturbate.com,43
144,2,amazon.co.jp,44
404,5,naver.com,45
3,1,17ok.com,48
528,2,whatsapp.com,49
136,3,adobe.com,50
374,4,linkedin.com,51
485,1,so.com,52
556,5,yandex.ru,53
477,1,shopify.com,54
159,10,aparat.com,55
504,1,tiktok.com,56
123,8,wordpress.com,57
508,2,tradingview.com,58
63,0,ok.ru,59
249,5,etsy.com,60
59,2,mail.ru,61
335,3,imdb.com,63
442,6,pornhub.com,65
509,7,tribunnews.com,66
285,2,google.co.in,67
574,3,xhamster.com,68
336,4,indeed.com,69
239,9,espn.com,70
432,1,paypal.com,71
447,3,rakuten.co.jp,72
161,6,apple.com,73
544,1,xvideos.com,75
130,3,6.cn,76
536,7,walmart.com,77
146,3,amazon.de,78
184,7,booking.com,79
288,0,gome.com.cn,81
295,3,google.com.br,82
40,1,github.com,84
160,66,babytree.com,85
521,2,udemy.com,86
103,1,telegram.org,87
224,21,dropbox.com,88
191,6,chase.com,90
440,11,pikiran-rakyat.com,91
203,3,cnblogs.com,92
140,3,alibaba.com,94
456,6,roblox.com,95
283,3,google.co.jp,96
261,9,flipkart.com,98
322,18,hao123.com,99
443,1,primevideo.com,101
271,7,freepik.com,102
448,3,rednet.cn,103
117,31,163.com,105
339,2,instructure.com,106
313,10,hotstar.com,107
166,4,bestbuy.com,108
309,3,google.de,109
179,0,bilibili.com,110
222,2,digikala.com,111
441,6,pinterest.com,112
168,7,bbc.com,113
304,1,google.es,114
281,3,godaddy.com,116
254,13,ettoday.net,118
307,1,google.ru,119
465,23,salesforce.com,120
22,2,coinmarketcap.com,122
522,5,tumblr.com,124
303,3,grammarly.com,126
89,7,soundcloud.com,127
563,7,zillow.com,128
571,1,zoho.com,129
93,2,stackexchange.com,130
337,2,ilovepdf.com,131
199,50,cnn.com,132
531,7,w3schools.com,133
369,39,kompas.com,134
414,5,nih.gov,135
310,1,google.it,136
131,3,51.la,138
87,5,slack.com,139
438,11,pixnet.net,140
167,8,bbc.co.uk,141
306,1,google.com.tw,142
219,0,detik.com,143
354,1,jiameng.com,144
487,6,speedtest.net,146
497,9,target.com,147
145,2,aliyun.com,148
325,16,hulu.com,149
293,1,google.com.sg,150
437,10,pexels.com,151
216,6,daum.net,152
258,3,fiverr.com,153
119,3,wetransfer.com,155
15,0,archive.org,156
173,2,bet9ja.com,158
540,5,wix.com,160
560,15,zendesk.com,161
202,1,cnet.com,162
69,1,onlinesbi.com,163
344,10,indiatimes.com,164
384,1,mercari.com,165
61,9,pixabay.com,166
455,1,researchgate.net,167
29,1,envato.com,168
538,2,xnxx.com,169
171,1,bet365.com,170
251,7,farfetch.com,171
25,1,duckduckgo.com,172
507,17,trendyol.com,173
44,7,hbomax.com,174
421,10,okezone.com,175
503,1,tudou.com,176
393,4,mediafire.com,177
154,2,americanexpress.com,178
47,4,kumparan.com,179
473,4,sindonews.com,180
104,3,tistory.com,181
105,2,unsplash.com,182
149,3,amazon.it,184
92,4,smallpdf.com,185
23,0,deepl.com,186
320,1,homedepot.com,187
480,1,sogou.com,188
73,4,quizlet.com,189
348,2,intuit.com,190
468,7,slideshare.net,194
273,18,geeksforgeeks.org,195
164,10,avito.ru,197
460,10,scribd.com,198
196,8,chess.com,199
316,6,hdfcbank.com,200
557,8,youm7.com,201
287,3,google.co.uk,203
377,3,macys.com,204
52,3,mailchimp.com,206
315,38,healthline.com,207
334,1,ikea.com,208
262,21,forbes.com,209
118,1,360.com,212
108,4,vimeo.com,213
163,5,ask.com,214
292,1,google.com.tr,215
214,39,dailymotion.com,216
187,3,capitalone.com,217
426,9,okta.com,219
126,25,51yes.com,220
85,1,steamcommunity.com,221
535,7,wellsfargo.com,222
162,1,asos.com,223
530,10,washingtonpost.com,224
501,1,telewebion.com,225
573,2,cnnic.cn,226
550,6,yelp.com,228
570,7,zol.com.cn,229
361,15,lazada.sg,230
183,0,businessinsider.com,232
204,3,cricbuzz.com,234
371,20,ltn.com.tw,237
431,7,ozon.ru,238
195,15,chegg.com,239
267,6,globo.com,241
349,3,investopedia.com,242
91,39,spankbang.com,243
256,1,etoro.com,244
153,3,amazon.fr,245
135,29,airbnb.com,246
286,1,google.ca,247
235,7,ebay.de,248
205,2,costco.com,249
181,3,bluehost.com,250
18,1,crypto.com,251
380,14,manoramaonline.com,252
469,4,shaparak.ir,254
319,1,hepsiburada.com,255
491,6,taboola.com,257
268,8,foxnews.com,258
176,5,blackboard.com,259
450,13,rakuten.com,260
64,1,padlet.com,261
346,21,investing.com,262
533,1,wikimedia.org,263
478,1,shutterstock.com,264
392,1,mercadolibre.com.mx,265
300,1,google.com.sa,266
109,1,thepiratebay.org,267
399,8,metropoles.com,268
291,1,google.com.mx,270
452,22,realtor.com,271
512,10,ups.com,272
347,9,irctc.co.in,273
299,3,google.com.eg,274
97,4,themeforest.net,275
490,5,suara.com,276
409,0,nike.com,277
564,11,y2mate.com,278
138,19,albawabhnews.com,280
407,1,namasha.com,283
375,1,liansuo.com,285
326,3,icicibank.com,286
422,3,op.gg,287
297,1,google.com.ar,288
445,33,proiezionidiborsa.it,289
525,6,usps.com,290
31,1,donya-e-eqtesad.com,291
481,2,sonhoo.com,292
323,2,gusuwang.com,294
232,5,ebay.co.uk,296
115,6,wordpress.org,297
282,1,google.co.th,299
217,12,discord.com,300
257,1,fedex.com,301
210,1,coupang.com,303
488,1,sq.cn,304
329,99,hp.com,305
155,32,aol.com,306
312,1,google.pl,307
364,13,kohls.com,308
463,3,sahibinden.com,309
28,4,evernote.com,313
264,2,focus.cn,314
505,5,tripadvisor.com,316
172,4,bankofamerica.com,317
417,3,nfl.com,320
95,1,t.co,321
449,2,redfin.com,322
290,1,google.co.id,324
236,6,eatthis.com,325
494,9,ssense.com,327
577,1,zerodha.com,328
150,3,amazon.es,330
435,4,patreon.com,331
466,9,setn.com,333
265,1,formula1.com,334
48,20,heavy.com,335
121,1,web.de,337
394,4,myntra.com,338
43,4,fc2.com,339
403,9,ndtv.com,340
112,6,uchi.ru,342
331,4,ibicn.com,343
198,2,cnbc.com,344
53,2,medium.com,345
255,9,espncricinfo.com,346
1,2,1337x.to,347
388,2,mercadolibre.com.ar,348
189,1,cbssports.com,349
352,8,istockphoto.com,350
272,1,gmx.net,351
208,34,crunchyroll.com,352
484,11,sporx.com,353
177,24,bloomberg.com,355
284,6,goodreads.com,357
411,12,nicovideo.jp,358
554,7,yoox.com,359
157,8,att.com,360
24,30,crowdworks.jp,361
515,15,uol.com.br,362
67,1,onlyfans.com,363
82,3,shopee.com.my,364
252,12,expedia.com,367
343,2,in.gr,368
186,12,breitbart.com,369
124,2,weather.com,370
12,9,ca.gov,371
541,7,xfinity.com,372
457,16,reuters.com,373
338,12,inquirer.net,375
79,3,shopee.co.id,376
193,1,clickbank.com,377
71,6,ria.ru,379
49,3,iyiou.com,381
289,1,google.cn,382
470,8,shein.com,383
496,24,thesaurus.com,384
244,2,ensonhaber.com,385
539,6,wsj.com,386
461,1,sciencedirect.com,390
250,12,fardanews.com,391
385,2,mercadolivre.com.br,392
510,11,tokopedia.com,394
382,11,marca.com,395
27,1,divar.ir,396
387,1,mathrubhumi.com,397
532,11,weebly.com,399
345,4,iqiyi.com,400
86,9,slickdeals.net,401
218,12,deviantart.com,402
259,5,fool.com,403
305,1,google.com.ua,405
423,3,orange.fr,406
506,2,trustpilot.com,407
318,0,haiwainet.cn,408
180,3,biobiochile.cl,409
45,8,hootsuite.com,410
20,1,coinpayu.com,411
569,1,verizon.com,412
548,1,zara.com,413
479,10,squarespace.com,414
60,1,noon.com,417
116,1,w3school.com.cn,418
247,4,epicgames.com,420
340,5,indiamart.com,421
17,0,chaduo.com,422
5,1,ameblo.jp,424
280,1,google.co.kr,425
107,9,torob.com,426
226,7,dmm.co.jp,427
356,1,japanpost.jp,428
436,5,pcbaby.com.cn,429
72,4,protonmail.com,430
458,15,rottentomatoes.com,431
266,1,fidelity.com,432
576,1,zhihu.com,433
270,2,gismeteo.ru,435
568,1,xhamsterlive.com,436
212,3,dcard.tw,437
578,4,free.fr,438
243,1,eghtesadnews.com,439
227,8,douban.com,440
386,12,meituan.com,441
401,1,mit.edu,442
383,14,merdeka.com,443
420,14,ouedkniss.com,444
110,1,tinder.com,445
260,1,flickr.com,446
379,8,lyst.com,447
434,18,outbrain.com,449
241,9,endclothing.com,450
209,12,coursehero.com,452
467,2,shippingchina.com,454
453,18,rambler.ru,455
96,7,teachable.com,456
483,7,softonic.com,457
333,3,iliangcang.com,459
572,19,abs-cbn.com,460
143,1,amazon.com.au,462
54,6,meesho.com,463
462,5,seznam.cz,464
328,6,idntimes.com,466
19,2,codepen.io,467
269,5,freelancer.com,468
75,1,qoo10.sg,470
402,4,naukri.com,471
327,1,ih5.cn,472
88,9,squareup.com,473
238,19,ea.com,474
34,1,discordapp.com,476
80,3,shopee.vn,477
36,5,go.com,478
132,7,academia.edu,480
355,4,iweihai.cn,481
233,8,ebay-kleinanzeigen.de,483
211,7,cvs.com,484
70,0,people.com.cn,485
317,8,gsmarena.com,486
381,11,matchesfashion.com,487
444,1,premierleague.com,488
207,1,coinbase.com,490
524,19,usnews.com,491
182,1,bhphotovideo.com,493
545,11,wp.pl,494
372,1,livescore.com,495
367,13,lazada.co.th,496
425,1,oschina.net,497
553,22,youporn.com,498
520,2,tutorialspoint.com,499
378,7,makemytrip.com,500
308,1,google.ro,501
301,1,google.gr,502
76,4,razorpay.com,503
451,4,redbubble.com,504
415,13,newegg.com,505
127,2,addthis.com,507
120,2,258.com,508
472,1,shareasale.com,509
68,36,nypost.com,510
200,11,cnbeta.com,511
408,7,namecheap.com,512
529,15,webmd.com,513
561,5,yeniakit.com.tr,514
74,1,pngtree.com,516
370,3,liputan6.com,517
8,3,allegro.pl,518
547,28,worldometers.info,519
454,2,renren.com,520
206,8,cnnindonesia.com,521
151,14,android.com,522
185,1,bukalapak.com,523
274,6,globalsources.com,524
400,5,moneycontrol.com,526
373,4,livejournal.com,527
275,5,getadblock.com,528
546,3,xabbs.com,530
114,1,360doc.com,531
360,10,kooora.com,532
575,44,zhibo8.cc,534
37,8,genius.com,535
223,4,delta.com,536
279,1,google.az,537
527,17,usatoday.com,539
98,1,stripchat.com,540
133,0,9384.com,541
94,5,sourceforge.net,542
220,1,delgarm.com,543
397,3,messenger.com,545
148,2,amazon.com.br,549
513,7,ubereats.com,550
81,3,shopee.co.th,551
165,3,babyschool.com.cn,552
33,1,disqus.com,553
475,1,shopbop.com,554
534,14,walgreens.com,555
516,13,upwork.com,556
30,13,elpais.com,557
517,31,ultimate-guitar.com,559
410,0,news18.com,560
412,2,npr.org,561
65,7,nextdoor.com,562
51,18,kakaku.com,563
188,8,cambridge.org,564
21,1,depositphotos.com,565
350,12,irs.gov,566
13,1,chinanetrank.com,567
302,1,google.com.vn,569
141,7,adp.com,570
245,19,elbalad.news,571
106,3,u.gg,573
324,1,huim.com,574
314,9,hostgator.com,575
231,3,ebay.com.au,576
514,0,uptodown.com,577
492,4,tamin.ir,578
296,2,google.com.au,579
192,1,cj.com,582
99,6,stockx.com,583
351,0,it168.com,584
358,11,jawapos.com,585
489,23,sportbible.com,586
9,11,chouftv.ma,587
464,6,schwab.com,588
526,1,vidio.com,589
542,0,ximalaya.com,590
201,6,cloudflare.com,591
158,1,atlassian.com,592
390,1,mehrnews.com,594
353,1,jotform.com,595
376,1,leboncoin.fr,596
101,1,tejaratnews.com,597
332,22,ign.com,598
427,1,oeeee.com,599
330,1,house365.com,600
368,9,kapanlagi.com,602
78,3,poki.com,603
523,1,visitbeijing.com.cn,604
137,7,agoda.com,605
263,5,flashscore.com,606
240,14,elwatannews.com,607
500,18,ticketmaster.com,609
102,25,techcrunch.com,610
194,7,chron.com,611
221,2,dianping.com,612
55,3,lenta.ru,613
234,2,ebc.net.tw,614
471,7,shutterfly.com,615
405,33,nba.com,617
439,13,pcmag.com,619
429,17,pchome.com.tw,620
32,13,eksisozluk.com,621
2,17,9gag.com,622
459,10,sarkariresult.com,623
248,4,eventbrite.com,624
357,1,jianshu.com,625
122,35,vnexpress.net,626
225,6,doordash.com,627
42,10,ftx.com,629
129,1,58.com,630
197,1,clickfunnels.com,631
125,5,52pk.com,635
567,2,canada.ca,636
276,1,freecodecamp.org,637
16,12,bolasport.com,638
242,1,ecer.com,640
156,5,asriran.com,641
389,3,merriam-webster.com,642
66,10,patch.com,645
391,21,medicalnewstoday.com,646
11,10,as.com,648
38,7,freshdesk.com,649
511,3,topfo.com,650
396,1,morningpost.com.cn,651
58,4,metamask.io,652
26,5,elementor.com,653
228,2,docin.com,654
4,0,ahram.org.eg,655
493,1,t-mobile.com,656
229,8,dostor.org,657
277,7,gap.com,660
175,3,biblegateway.com,662
362,2,kdslife.com,663
365,1,kuronekoyamato.co.jp,665
113,6,trello.com,666
278,1,google.co.ve,668
486,4,southcn.com,669
555,1,zhiding.cn,670
62,17,parsfootball.com,673
395,7,mheducation.com,674
418,1,ngacn.cc,675
363,22,ladbible.com,676
6,38,allrecipes.com,677
311,1,google.dz,678
502,15,theepochtimes.com,679
41,1,fontawesome.com,682
246,3,eee114.com,683
419,13,olx.in,684
543,8,wish.com,685
406,6,n11.com,686
10,1,bitly.com,687
35,1,dnevnik.ru,688
342,5,iherb.com,689
39,5,fril.jp,690
77,15,prnt.sc,691
566,1,lenovo.com,694
215,4,dangdang.com,695
398,1,monday.com,697
56,1,mihoyo.com,698
0,9,animeflv.net,699
128,21,accuweather.com,701
213,0,dcinside.com,703
57,1,leetcode.com,704
100,2,taleo.net,705
134,1,51sole.com,706
230,6,dstv.com,707
46,4,info.com,708
321,4,hindustantimes.com,709
169,5,bedbathandbeyond.com,710
174,13,bhaskar.com,711
499,1,thingiverse.com,712
474,13,shopstyle.com,713
50,0,ionos.com,716
518,1,turkiye.gov.tr,718
366,5,kickstarter.com,720
84,1,roozaneh.net,721
83,118,seekingalpha.com,722
413,6,nikkei.com,723
424,1,otto.de,724
430,2,overstock.com,725
495,5,surveymonkey.com,729
